similarity_type,best_threshold,best_accuracy,best_f1,tn,fp,fn,tp
feature_similarity,0.61,0.79,0.7096774193548387,160,3,60,77
review_similarity,0.15,0.6166666666666667,0.5525291828793775,114,49,66,71
combined_similarity,0.27,0.66,0.5785123966942148,128,35,67,70
